{
  "spring_movie_0": {
    "ID": null,
    "SheetIndex": 0,
    "Title": "˵¹¡̅Ò˹ÍÂڌ¡̅ÒËÒ­",
    "Description": "ÀÒ¾Â¹µΓ¡ÒΓɥ¹ŚÒËģº¤ÃÍº¤ģÇ чàбÂÇāº˵¹¡̅Ò˹ÍÂāº¡ÒÃ¼¨­ĠÂÁīÈ¨ÃÃΒ àҮÍ¨Ðàʛ¹˵¹ä́àʕÁĕÇ!",
    "Tags": [
      "family",
      "comedy"
    ],
    "Scenes": [
      {
        "Image": 0,
        "Music": "sweet",
        "Sound": "",
        "MessageDelay": 1000,
        "Script": "",
        "Text": "˵¹¡̅Ò˹ÍÂ¨ÍÁ¡̅ÒËÒ­",
        "Shake": false,
        "ResponsePoint": null,
        "ID": "spring0_0"
      },
      {
        "Image": 1,
        "Music": "",
        "Sound": "",
        "MessageDelay": 500,
        "Script": "",
        "Text": "˵¹¡̅ÒĕÇ˹ÍÂч¡̅ÒËÒ­ ıÒĥ§ÍÍ¡¨Ò¡˺Ò¹¢Í§à¢Ò à¢Òĥ§àÅÍԒ¤ԓËѹ§á̅Çī¹ä»ÁÍ§ÃÍºæ àҮÍ¨´ĸÒºÃÃÂÒ¡ÒÈч¨Ðäˑä˴¡ĥºÁÒ ĪÁĜÊàʛ¹ƽ¡àÇÅÒ¹Ò¹...",
        "Shake": false,
        "ResponsePoint": null,
        "ID": "spring0_1"
      },
      {
        "Image": 6,
        "Music": "",
        "Sound": "",
        "MessageDelay": 500,
        "Script": "/playSound dustMeep/pause 200/playSound dustMeep/pause 300/playSound dustMeep/pause 100/playSound dustMeep/pause 200/playSound dustMeep",
        "Text": "˵¹¡̅Ò˵¹ҽ¹ÃÇÁĕÇā¹á̅Ç âº¡ȑÍÅÒÍ˒Ò§ҥ¹à˵¹...!",
        "Shake": false,
        "ResponsePoint": "sprout_leave",
        "ID": "spring0_2"
      },
      {
        "Image": 2,
        "Music": "rain",
        "Sound": "",
        "MessageDelay": 500,
        "Script": "",
        "Text": "äˑ¹Ð! ½¹àУÁч¨Ðµ¡á̅Ç...! ˵¹˝Í¹ĕÇàʥ¡æ àУÁЧ§ËƩã¹¢³ÐчàƺÂ§ ˿Ò̃Í§Ĕ§ע¹ÍԒàËȉÍīÇ...",
        "Shake": false,
        "ResponsePoint": "",
        "ID": "spring0_3"
      },
      {
        "Image": 3,
        "Music": "",
        "Sound": "thunder",
        "MessageDelay": 1000,
        "Script": "",
        "Text": "¤ÇÒÁ¡ĥÇã¹Ũµã¨ áÅÐ¤ÇÒÁƇµ¡ā§ÇÅ ¨Ò¡àËȵ¡ÒÃ΃˅Ò§æ ŇÒã̋à˨Ò˵¹¡̅Ò˹ÍÂ àУÁËÁ´¤ÇÒÁËħ§ע¹àҳÍÂæ...",
        "Shake": false,
        "ResponsePoint": "",
        "ID": "spring0_4"
      },
      {
        "Image": 4,
        "Music": "echos",
        "Sound": "",
        "MessageDelay": 500,
        "Script": "",
        "Text": "...á˅щġ¹ǴÍÍÐäÃā¹ˉÐ...? ŇÒäÁ˵¹¡̅ÒĕÇ˹ÍÂ ǖ§ړǪ¡á»Å¡æ º¹īÇ¢Í§ĕÇàÍ§... ",

        "Shake": false,
        "ResponsePoint": null,
        "ID": "spring0_5"
      },
      {
        "Image": 5,
        "Music": "",
        "Sound": "",
        "MessageDelay": 500,
        "Script": "/playSound coin/pause 1000/message \"ºÒ§¤Ճ§½¹»ƃÁÒ³àƮÂ§àʥ¡˹ÍÂ ʁÍÒ¨¨Ðàʛ¹Ī­­Ò³чƤ ã¹¡ÒÃàУÁ¡ÒÃ¼¨­ĠÂ¤Ճ§ãËˑ!\"",
        "Text": "",
        "Shake": false,
        "ResponsePoint": "",
        "ID": "spring0_6"
      },
      {
        "Image": 7,
        "Music": "",
        "Sound": "",
        "MessageDelay": 2000,
        "Script": "",
        "Text": "âª¤Ƥ, à˨ÒĕÇ˹ÍÂ!",
        "Shake": false,
        "ResponsePoint": null,
        "ID": "spring0_7"
      }
    ]
  },
  "fall_movie_0": {
    "ID": null,
    "SheetIndex": 1,
    "Title": "Ɗ§Ԛ",
    "Description": "ġ¹¨Ð»ÃÒ¡®ĕÇע¹ÁÒ ¡ÅÒ§ÃÒµƳĭ¹àƗÂºÊć´... áÅÐ¨ÐŇÒã̋Ȥ³ä˴ģº »ÃÐÊº¡ÒÃ΃ч¨ÐȕÁäˑÅ§!",
    "Tags": [
      "horror",
      "art"
    ],
    "Scenes": [
      {
        "Image": 0,
        "Music": "Lava_Ambient",
        "Sound": "",
        "MessageDelay": 500,
        "Script": "/pause 4000",
        "Text": "'Ɗ§Ԛ'",
        "Shake": false,
        "ResponsePoint": null,
        "ID": "fall0_0"
      },
      {
        "Image": 1,
        "Music": "",
        "Sound": "",
        "MessageDelay": 500,
        "Script": "/pause 1500",
        "Text": "à§Ò¨Ò§æ ¢Í§ºÒ§Ъ§»ÃÒ¡¯ע¹ ã¹Ê¶Ò¹чĭ¹ȑ´Ɓ´á˛§Ëѹ§...",
        "Shake": false,
        "ResponsePoint": null,
        "ID": "fall0_1"
      },
      {
        "Image": -1,
        "Music": "",
        "Sound": "",
        "MessageDelay": 500,
        "Script": "/specificTemporarySprite movieFrame 1 2 1000/playSound batScreech",
        "Text": "",
        "Shake": false,
        "ResponsePoint": "",
        "ID": "fall0_2"
      },
      {
        "Image": 1,
        "Music": "",
        "Sound": "",
        "MessageDelay": 500,
        "Script": "",
        "Text": "",
        "Shake": false,
        "ResponsePoint": null,
        "ID": "fall0_3"
      },
      {
        "Image": 3,
        "Music": "",
        "Sound": "",
        "MessageDelay": 500,
        "Script": "",
        "Text": "ġ¹ǴÍخ¹чÃ¡̃Ò§ чäˑà¤Â»ÃÒ¡¯ ËȓÍɦ¡ˤ¹¾ºчäË¹ÁÒʱÍ¹... áÅÐ¤ÇÒÁˉÒÊÐ¾ǣ§¡ĥÇ чęºäˑ˶Ç¹ıÒĥ§Ĉº˨Í§ ÁÒÍ˒Ò§äˑÅÐÊÒÂµÒ",
        "Shake": false,
        "ResponsePoint": null,
        "ID": "fall0_4"
      },
      {
        "Image": 3,
        "Music": "",
        "Sound": "",
        "MessageDelay": 500,
        "Script": "/specificTemporarySprite movieFrame 1 4 400/playSound serpentHit/pause 2000/specificTemporarySprite movieFrame 1 4 150/playSound shadowHit/pause 300/specificTemporarySprite movieFrame 1 4 400/playSound serpentDie",
        "Text": "",
        "Shake": false,
        "ResponsePoint": "",
        "ID": "fall0_5"
      },
      {
        "Image": -1,
        "Music": "spring_night_ambient",
        "Sound": "",
        "MessageDelay": 500,
        "Script": "/specificTemporarySprite movieFrame 7 7 80/pause 50/specificTemporarySprite movieFrame 7 8 80/pause 50/specificTemporarySprite movieFrame 7 9 80/pause 50/specificTemporarySprite movieFrame 7 7 80/pause 50/specificTemporarySprite movieFrame 7 8 80/pause 50/specificTemporarySprite movieFrame 7 9 80/pause 50/specificTemporarySprite movieFrame 7 7 80/pause 50/specificTemporarySprite movieFrame 7 8 80/pause 50/specificTemporarySprite movieFrame 7 9 80/pause 50/specificTemporarySprite movieFrame 7 7 80/pause 50/specificTemporarySprite movieFrame 7 8 80/pause 50/specificTemporarySprite movieFrame 7 9 80/pause 50/specificTemporarySprite movieTheater_screen 1 6 false/pause 3000",
        "Text": "",
        "Shake": false,
        "ResponsePoint": null,
        "ID": "fall0_6"
      },
      {
        "Image": 7,
        "Music": "",
        "Sound": "",
        "MessageDelay": 500,
        "Script": "/pause 3000",
        "Text": "©Ò¡ÊÂÍ§¢ħ­ чäˑ՛Òā¹ʴÍÂæ »ÃÒ¡¯©ÒÂע¹ÁÒ...",
        "Shake": false,
        "ResponsePoint": "",
        "ID": "fall0_7"
      },
      {
        "Image": 8,
        "Music": "spirits_eve",
        "Sound": "",
        "MessageDelay": 500,
        "Script": "/playSound skeletonDie/pause 6000",
        "Text": "",
        "Shake": true,
        "ResponsePoint": null,
        "ID": "fall0_8"
      },
      {
        "Image": 9,
        "Music": "",
        "Sound": "",
        "MessageDelay": 500,
        "Script": "/playSound shadowpeep",
        "Text": "'à˨Ò¨Ð˵Í§ªÇ¹ àҮÍ¹¢Í§à˨ÒÁÒ¾ºāºЪ§æ Թ¹ã¹Ǵ¹׉ ã̋¨§ä˴...'",
        "Shake": false,
        "ResponsePoint": null,
        "ID": "fall0_9"
      },
      {
        "Image": 9,
        "Music": "",
        "Sound": "",
        "MessageDelay": 500,
        "Script": "/playSound shadowDie",
        "Text": "'...à¾ÃÒÐäˑàʺ¹Թ¹ ˢÒ¨Ðä»ËÒà˨Òã¹¤ÇÒÁĝ¹á·¹!'",
        "Shake": true,
        "ResponsePoint": "mysterium_shadow",
        "ID": "fall0_10"
      }
    ]
  },
  "summer_movie_0": {
    "ID": null,
    "SheetIndex": 2,
    "Title": "Ě¹Ǘ¡¡ÒÃ¼¨­ĠÂ¢Í§ ÃÒªÒӗ§Ë˭Ò : à´ÍÐɱ¿ї",
    "Description": "ƇƤâÍà¡ÁҚÍĔ§ чä˴ÁÒâÅ´á˕¹ÍԒº¹¨ÍÀÒ¾Â¹΅!",
    "Tags": [
      "action"
    ],
    "Scenes": [
      {
        "Image": 0,
        "Music": "Cowboy_OVERWORLD",
        "Sound": "",
        "MessageDelay": 500,
        "Script": "/pause 4000",
        "Text": "'Ě¹Ǘ¡¡ÒÃ¼¨­ĠÂ¢Í§ ÃÒªÒӗ§Ë˭Ò : à´ÍÐɱ¿ї'",
        "Shake": false,
        "ResponsePoint": null,
        "ID": "summer0_0"
      },
      {
        "Image": 1,
        "Music": "",
        "Sound": "",
        "MessageDelay": 500,
        "Script": "",
        "Text": "º¹¶¹¹à̊¹àʱÒ чàʕÁä»˴ÇÂӝ¹ÁÒ¡ÁÒÂ... ä˴Ʊ ÃÒªÒӗ§Ë˭Ò чıÒĥ§à˽ÒÃÐħ§Ã¶́Ò чàʕÁä»˴ÇÂÊÁĚŵĭ¹յÒʴÒ ÁÒ¡ÁÒÂ",
        "Shake": false,
        "ResponsePoint": null,
        "ID": "summer0_1"
      },
      {
        "Image": 2,
        "Music": "",
        "Sound": "",
        "MessageDelay": 500,
        "Script": "",
        "Text": "á˅... ÃÒªÒڌÁÒ¡¤ÇÒÁÊÒÁÒÃ¶ ¢Í§àÃÒԹ¹ àËȑÍ¹¨Ðäˑړ˗ÒĢ§Ʊâ¨Ã ڌΪÇ̃ÒÂıÒĥ§à˽Òɤà¢Ò ¨Ò¡Ë˹Ò¼Òã¡̅àƔÂ§...",
        "Shake": false,
        "ResponsePoint": null,
        "ID": "summer0_2"
      },
      {
        "Image": 3,
        "Music": "cowboy_outlawsong",
        "Sound": "",
        "MessageDelay": 500,
        "Script": "",
        "Text": "'ã¹чɊ´... ˢÒ¨Ð˵Í§ıÒĈ´à˨Ò¹ÒÂŝÒàÀÍ чŤ´˗ÒĕÇàÍ§ɺ§˚§ áÅÐɎºàÍÒÊÁĚŵ¾Ç¡Թ ¹ÁÒã̋ä˴... ч¨ƃ§ˢÒÊÁ¤ÇÃ¨Ðä˴ġ¹ÁÒ!'",
        "Shake": false,
        "ResponsePoint": "PK_villain",
        "ID": "summer0_3"
      },
      {
        "Image": 4,
        "Music": "",
        "Sound": "",
        "MessageDelay": 500,
        "Script": "/pause 400/playSound thunder_small",
        "Text": "'̽Ð! ɤàËȑÍ¹˗ÒƋ¹¾Ç¡׉ ıÒĥ§¨Ðӡ§µÃ§ä» ч¢ºÇ¹à¡ƷÂ¹Ã¶́Ò¹Ð'",
        "Shake": false,
        "ResponsePoint": null,
        "ID": "summer0_4"
      },
      {
        "Image": 5,
        "Music": "",
        "Sound": "",
        "MessageDelay": 500,
        "Script": "",
        "Text": "ÃÒªÒӗ§Ë˭Ò ä˴Ƃ¹àƺÂ§ºÒ§Í˒Ò§ ÁÒ¨Ò¡ã¡̅æ ׉... ɤι¹!",
        "Shake": false,
        "ResponsePoint": "",
        "ID": "summer0_5"
      },
      {
        "Image": 6,
        "Music": "",
        "Sound": "",
        "MessageDelay": 500,
        "Script": "/pause 1000/message \"ė¹ä˴Թ¹àÍ§ à¢ÒʁËƂºȋ¹ ע¹ÁÒƂ§ä»чȨ´æ Ëѹ§ .\"/pause 500/playSound cowboy_gunload/pause 500/playSound Cowboy_monsterDie/pause 500",
        "Text": "",
        "Shake": false,
        "ResponsePoint": null,
        "ID": "summer0_6"
      },
      {
        "Image": 7,
        "Music": "",
        "Sound": "",
        "MessageDelay": 500,
        "Script": "/pause 200/playSound cowboy_explosion/pause 1000/message \"щġ¹ÍÐäÃā¹ ŇÒäÁǖ§ƱթÒ¡ÃÐ¨ÒÂÍÍ¡ÁÒ àʕÁä»ËÁ´!\"",
        "Text": "",
        "Shake": false,
        "ResponsePoint": null,
        "ID": "summer0_7"
      },
      {
        "Image": 8,
        "Music": "none",
        "Sound": "",
        "MessageDelay": 500,
        "Script": "/pause 500/playSound slimeHit/pause 400/playSound slimeHit/pause 400/playSound slimeHit/pause 400/playSound slimeHit/pause 400",
        "Text": "à¢ÒŇÒä˴! â¤Å¹Ë¹Òæ ¾Ç¡Թ¹ŇÒã̋Ƌ¹ªÐÅÍĕÇ áÅÐËɂ´¾Ç¡Ƌ¹¶˕Áä˴ã¹чɊ´",
        "Shake": false,
        "ResponsePoint": "",
        "ID": "summer0_8"
      },
      {
        "Image": 1,
        "Music": "",
        "Sound": "Cowboy_Secret",
        "MessageDelay": 500,
        "Script": "",
        "Text": "à¡ƷÂ¹ºÃÃȷ¡ÊÁĚŵ »ÅÍ´ĠÂƤ",
        "Shake": false,
        "ResponsePoint": null,
        "ID": "summer0_9"
      },
      {
        "Image": 9,
        "Music": "Cowboy_singing",
        "Sound": "",
        "MessageDelay": 500,
        "Script": "",
        "Text": "¨º",
        "Shake": false,
        "ResponsePoint": "",
        "ID": "summer0_10"
      }
    ]
  },
  "summer_movie_1": {
    "ID": null,
    "SheetIndex": 3,
    "Title": "ħÁĚÊ",
    "Description": "Ëę§á¹Çä«ä¿ä̃ÊÒÃÐ чàбÂÇāºƚƇµáÅÐàÇÅÒàҽÍÂæ ¢Í§ڌªÒÂ̍Ç¹æ ¨Ò¡´ÒÇ´Ç§ҽ¹ĭ¹ä¡Åâ˾¹",
    "Tags": [
      "sci-fi",
      "comedy",
      "family"
    ],
    "Scenes": [
      {
        "Image": 0,
        "Music": "movie_wumbus",
        "Sound": "",
        "MessageDelay": 500,
        "Script": "",
        "Text": "'ħÁĚÊ'",
        "Shake": false,
        "ResponsePoint": null,
        "ID": "summer1_0"
      },
      {
        "Image": 1,
        "Music": "",
        "Sound": "",
        "MessageDelay": 500,
        "Script": "",
        "Text": "ħÁĚÊ, ġ¡¨ÐŇÒĕÇÊºÒÂæ Ȓ´ĕÇ¹Í¹áÅÐà¾ƅ´à¾ƅ¹ ä»āº¤ÇÒÁÍºӭ¹¢Í§´Ç§ÍÒŷµΒ º¹´ÒÇ¢Í§à¢Ò",
        "Shake": false,
        "ResponsePoint": null,
        "ID": "summer1_1"
      },
      {
        "Image": 2,
        "Music": "",
        "Sound": "",
        "MessageDelay": 500,
        "Script": "",
        "Text": "ڏ´ºÍ· ¤¹ģºã˪чáÊ¹қÍĪµΒ¢Í§à¢Ò àʛ¹Ȩ´àƊΓ¿ÍÒËÒÃчƤ Í˒Ò§¡ɵàµ¹·Í´ áÅÐ«ÍÊá´§'.",
        "Shake": false,
        "ResponsePoint": "",
        "ID": "summer1_2"
      },
      {
        "Image": 3,
        "Music": "",
        "Sound": "",
        "MessageDelay": 500,
        "Script": "",
        "Text": "ħÁĚÊ ¾ÂÒÂÒÁч¨Ð·íÒã̋ ËÅÒ¹ªÒÂ¢Í§à¢Ò 'ģÊà«Å' Ê¹ã¨ã¹ħ²¹¸ÃÃÁ áÅÐàҳÍ§ÃÒÇ¢Í§ÃÐºº´Ç§´ÒÇ á˅ģÊà«Åʁäˑä˴Ê¹ã¨ġ¹àÅÂ",
        "Shake": false,
        "ResponsePoint": "",
        "ID": "summer1_3"
      },
      {
        "Image": 7,
        "Music": "",
        "Sound": "",
        "MessageDelay": 500,
        "Script": "",
        "Text": "'̽Ò¡¡¡!'",
        "Shake": false,
        "ResponsePoint": null,
        "ID": "summer1_4"
      },
      {
        "Image": 4,
        "Music": "",
        "Sound": "",
        "MessageDelay": 500,
        "Script": "",
        "Text": "ÀÒ¾Â¹µΓàҳÍ§׉ ä˴ŇÒã̋àʫ¹ƚƇµµÅ¡æ ¢Í§ħÁĚÊ ã¹âÅ¡чà·¤â¹âÅƲ áÅÐĪ§¤ÁƱ¤ÇÒÁˡÒÇË˹Ò ä»Í˒Ò§ÁÒ¡",
        "Shake": false,
        "ResponsePoint": "",
        "ID": "summer1_5"
      },
      {
        "Image": 5,
        "Music": "",
        "Sound": "",
        "MessageDelay": 500,
        "Script": "/pause 800/playSound phone/pause 300",
        "Text": "ËÅÒÂ©Ò¡ ¾ÂÒÂÒÁч¨ÐËÒƛ¹µÅ¡æ Å§ä»ã¹¤ÇÒÁä̃ÊÒÃÐ ¢Í§ƚƇµчė¹ÊġÂ",
        "Shake": false,
        "ResponsePoint": null,
        "ID": "summer1_6"
      },
      {
        "Image": 6,
        "Music": "",
        "Sound": "",
        "MessageDelay": 500,
        "Script": "",
        "Text": "Í˒Ò§äÃʁµÒÁá́¨ÐƱ ÍÐäÃÊȹ¡æ ã̋àȕÍ¡ŇÒàÂÍÐáÂÐ á˅ħÁĚÊáÅÐàҮÍ¹æ ¢Í§à¢ÒʁĢ§ªÍº ч¨Ðä˴š¹ž««ÒÍ˓ÍÂæ ˴ÇÂā¹ (¨Ò¡˚Ç¹¼ÊÁ¢Í§¡ɵàµ¹ 100%).",
        "Shake": false,
        "ResponsePoint": "",
        "ID": "summer1_7"
      }
    ]
  },
  "winter_movie_1": {
    "ID": null,
    "SheetIndex": 4,
    "Title": "¢ºÇ¹ģ¡Ğ¡ã¨",
    "Description": "ÀÒ¾Â¹µΓ¤ÅÒÊƊ¡ĭ¹àʛ¹ŅÒ¹Ò¹ чä˴ģº¡ÒÃỄÒ§ע¹ãËˑ ŚÒËģºâÃ§ÀÒ¾Â¹µΓÊġÂãËˑ",
    "Tags": [
      "classic",
      "romance"
    ],
    "Scenes": [
      {
        "Image": 0,
        "Music": "movie_classic",
        "Sound": "",
        "MessageDelay": 500,
        "Script": "",
        "Text": "'¢ºÇ¹ģ¡Ğ¡ã¨'",
        "Shake": false,
        "ResponsePoint": null,
        "ID": "winter1_0"
      },
      {
        "Image": 1,
        "Music": "",
        "Sound": "",
        "MessageDelay": 500,
        "Script": "/pause 800/playSound trainWhistle/pause 300",
        "Text": "¢ºÇ¹Ã¶˄Ç¹ ɛɛ ūׅ ¢ºÇ¹Ɋ´˷ÒÂчä˴àУÁàŴ¹·Ò§ ¨Ò¡ªÒÂν§թÒáʂ§·Ò§ŷÈã˵... â´Âã¹ħ¹׉ęºàʛ¹ħ¹чÊÒÁ Ե§á˅àУÁàŴ¹·Ò§ã¹ħ¹áÃ¡!",
        "Shake": false,
        "ResponsePoint": "",
        "ID": "winter1_1"
      },
      {
        "Image": 2,
        "Music": "",
        "Sound": "",
        "MessageDelay": 500,
        "Script": "",
        "Text": "Ëŭ§ÊÒÇÁÍ§ÍÍ¡ä» ¹Í¡Ë˹Ò˅Ò§˴ÇÂīÇã¨ч àʕÁä»˴ÇÂ¤ÇÒÁàÈ̃Ò",
        "Shake": false,
        "ResponsePoint": "",
        "ID": "winter1_2"
      },
      {
        "Image": 3,
        "Music": "",
        "Sound": "",
        "MessageDelay": 500,
        "Script": "/pause 800/playSound doorCreak/pause 2000",
        "Text": "",
        "Shake": false,
        "ResponsePoint": null,
        "ID": "winter1_3"
      },
      {
        "Image": 4,
        "Music": "",
        "Sound": "",
        "MessageDelay": 500,
        "Script": "/pause 2000",
        "Text": "",
        "Shake": false,
        "ResponsePoint": "guyEnters",
        "ID": "winter1_4"
      },
      {
        "Image": 5,
        "Music": "",
        "Sound": "",
        "MessageDelay": 500,
        "Script": "",
        "Text": "ÀÒ¾Â¹µΓĭ¹àʛ¹ÍÁµÐ... чƱԷ§¡ÒÃã˪ÍÒÃÁ΃ áÅÐàËȵ¼Å¢Í§ĕÇÅÐ¤Ã àʛ¹ĕÇǔ§ÍÒÃÁ΃¢Í§ڌªÁ",
        "Shake": false,
        "ResponsePoint": null,
        "ID": "winter1_5"
      },
      {
        "Image": 6,
        "Music": "",
        "Sound": "",
        "MessageDelay": 500,
        "Script": "",
        "Text": "à¸Í¨ÐŇÒµÒÁà̊¹·Ò§ чà¸ÍŤ´˗Ò¤ÇÃ¨ÐŇÒ ËȓÍŇÒµÒÁ¤ÇÒÁ»ÃÒÃ¶¹Ò ¨Ò¡ã¨¢Í§à¸ÍƤ?",
        "Shake": false,
        "ResponsePoint": "zuzucityexpress_mind_heart",
        "ID": "winter1_6"
      },
      {
        "Image": 1,
        "Music": "",
        "Sound": "",
        "MessageDelay": 500,
        "Script": "",
        "Text": "áÅÐÀÒ¾Â¹µΓ ʁ¨ºÅ§ʱÍ¹чàÃÒ¨Ðä˴ړ...",
        "Shake": false,
        "ResponsePoint": null,
        "ID": "winter1_7"
      }
    ]
  },
  "winter_movie_0": {
    "ID": null,
    "SheetIndex": 5,
    "Title": "â¤Å΄ÊµÒΓ áÅÐĴÒĪ­­Ò˅Í ´Ç§´ÒÇàËġ¹΅",
    "Description": "á́¨ÐŕÒºÒ¡àƮÂ§ã´ á˅¤ÃÍº¤ģÇâ¤Å΄ÊµÒΓ ¨ÐʺÇÂã̋ŨµƇ­­Ò³ á˛§ÄɤË¹ÒÇ´ÒÇĢ§¤§ÍԒ...",
    "Tags": [
      "family",
      "classic"
    ],
    "Scenes": [
      {
        "Image": 0,
        "Music": "winter1",
        "Sound": "",
        "MessageDelay": 500,
        "Script": "",
        "Text": "'â¤Å΄ÊµÒΓ áÅÐĴÒĪ­­Ò˅Í ´Ç§´ÒÇàËġ¹΅'",
        "Shake": false,
        "ResponsePoint": null,
        "ID": "winter0_0"
      },
      {
        "Image": 1,
        "Music": "",
        "Sound": "",
        "MessageDelay": 500,
        "Script": "",
        "Text": "ġ¹ǴÍʺÇ§àÇÅÒʱÍ¹ ħ¹Ëɂ´à·È¡ÒÅ´Ç§´ÒÇàËġ¹΅ áÅÐƋÁÐʁƱƧˇÒ¨Ðµ¡Å§ÁÒ ŵ´˅Íā¹ä»ƽ¡ 3 Ī»´ÒΛ",
        "Shake": false,
        "ResponsePoint": null,
        "ID": "winter0_1"
      },
      {
        "Image": 2,
        "Music": "",
        "Sound": "",
        "MessageDelay": 500,
        "Script": "",
        "Text": "¤ÃÍº¤ģÇâ¤Å΄ÊµÒΓŵ´áË§¡... àʛ¹ä»äˑä˴àÅÂч¨ÐàˢÒä»ã¹àȑÍ§ á˅âª¤Ģ§ƤчħÇƱË˭Òá̋§¾Í ч¨Ðš¹ä»ƽ¡ÂÒÇ",
        "Shake": false,
        "ResponsePoint": null,
        "ID": "winter0_2"
      },
      {
        "Image": 2,
        "Music": "",
        "Sound": "",
        "MessageDelay": 500,
        "Script": "/pause 200/playSound cow/pause 500",
        "Text": "",
        "Shake": false,
        "ResponsePoint": null,
        "ID": "winter0_3"
      },
      {
        "Image": 3,
        "Music": "",
        "Sound": "",
        "MessageDelay": 500,
        "Script": "",
        "Text": "...áÅÐÍÒËÒÃŚÒËģºȷ¡æ ¤¹ã¹¤ÃÍº¤ģÇʁËÁ´",
        "Shake": false,
        "ResponsePoint": null,
        "ID": "winter0_4"
      },
      {
        "Image": 3,
        "Music": "",
        "Sound": "",
        "MessageDelay": 500,
        "Script": "/pause 500/playSound croak/pause 500",
        "Text": "",
        "Shake": false,
        "ResponsePoint": "",
        "ID": "winter0_5"
      },
      {
        "Image": 4,
        "Music": "",
        "Sound": "",
        "MessageDelay": 500,
        "Script": "",
        "Text": "Í˒Ò§äÃʁµÒÁȤ³ˎÍä˴ã̋ĴÒĪ­­Ò áÅÐ¤ÇÒÁ»ÃÐÊ§ʹч¨Ðĕ´˵¹ä́ ˅Í´Ç§´ÒÇàËġ¹΅...",
        "Shake": false,
        "ResponsePoint": null,
        "ID": "winter0_6"
      },
      {
        "Image": 4,
        "Music": "",
        "Sound": "",
        "MessageDelay": 500,
        "Script": "/pause 300/playSound axe/pause 400/playSound axchop/pause 400/playSound axchop/pause 800/playSound treethud/pause 300",
        "Text": "",
        "Shake": false,
        "ResponsePoint": "",
        "ID": "winter0_7"
      },
      {
        "Image": 5,
        "Music": "",
        "Sound": "",
        "MessageDelay": 500,
        "Script": "",
        "Text": "á́¨ÐƋÇâËÂàƮÂ§ã´ á˅¤ÃÍº¤ģÇʁä˴»ÃÐĔº˵¹ä́ àҮÍģ¡ÉÒĪ­­Òчä˴ã̋ä̇áʱ ´Ç§´ÒÇàËġ¹΅ àʛ¹Í˒Ò§Ƥ",
        "Shake": false,
        "ResponsePoint": "",
        "ID": "winter0_8"
      },
      {
        "Image": 6,
        "Music": "",
        "Sound": "",
        "MessageDelay": 500,
        "Script": "/pause 1000",
        "Text": "",
        "Shake": false,
        "ResponsePoint": null,
        "ID": "winter0_9"
      },
      {
        "Image": 6,
        "Music": "",
        "Sound": "",
        "MessageDelay": 500,
        "Script": "",
        "Text": "Ǵ¹Թ¹àÍ§ ä˴ƱЪ§ż´»¡ŵàš´ע¹...",
        "Shake": false,
        "ResponsePoint": null,
        "ID": "winter0_10"
      },
      {
        "Image": 7,
        "Music": "",
        "Sound": "",
        "MessageDelay": 500,
        "Script": "/pause 1000/specificTemporarySprite coldstarMiracle/pause 500/playSound discoverMineral/pause 3000/message \"ã¹ħ¹˅ÍÁÒ, ڌàʛ¹áˑړǪ¡ »ÃÐËÅÒ´ã¨àʛ¹Í˒Ò§ÁÒ¡ чä˴à¨Íāº˵¹ä́ч»ÃÐĔº ˴ÇÂ¼Åä́¼ÅãËʽ.\"/pause 500/message \"'¾Ç¡àÃÒàҚÍã¹ àҳÍ§¢Í§´Ç§´ÒÇàËġ¹΅ ÁÒâ´ÂµÅÍ´áÅÐäˑà¤Â ч¨ÐȕÁàȕÍ¹ä»á́á˅˹ÍÂ!'\"",
        "Text": "",
        "Shake": false,
        "ResponsePoint": null,
        "ID": "winter0_11"
      },
      {
        "Image": 8,
        "Music": "",
        "Sound": "",
        "MessageDelay": 500,
        "Script": "/specificTemporarySprite removeSprite 989",
        "Text": "¾Ç¡à¢Òä˴ģº¼Åä́ÊµÒΓ´ÃÍ» ǖ§á́˗Òġ¹¨ÐƱ¢¹Ò´àʥ¡ á˅ġ¹ʁàʛ¹Ъ§чÍ˓ÍÂчɊ´ ч¾Ç¡à¢Òà¤Âä˴ģºÁÒʱÍ¹",
        "Shake": false,
        "ResponsePoint": null,
        "ID": "winter0_12"
      },
      {
        "Image": 8,
        "Music": "",
        "Sound": "",
        "MessageDelay": 500,
        "Script": "",
        "Text": "¤ÃÍº¤ģÇâ¤Å΄ÊµÒΓ ÃÍ´»ÅÍ´ĠÂƤ áÅÐŨµƇ­­Ò³á˛§¤ÇÒÁËħ§ʁĢ§¤§ÍԒ Ī­­Ò¢Í§´Ç§´ÒÇàËġ¹΅ ʁä˴àʛ¹¨ƃ§ƽ¡¤Ճ§...",
        "Shake": false,
        "ResponsePoint": "",
        "ID": "winter0_13"
      }
    ]
  },
  "spring_movie_1": {
    "ID": null,
    "SheetIndex": 6,
    "Title": "ĭÈ¨ÃÃΒá˛§¸ÃÃÁªÒŵ : ŚÒÃÇ¨âÅ¡ĭ¹Ê´ãÊ",
    "Description": "ˇÍ§àчÂÇˌÒ¹ÊÒ¸ÒÃ³ģ° àſΓ¹šÅ΄... ¨Ò¡à¡ÒÐàſΓ¹ä»Ģ§àȑÍ§ɛɛ âÅ¡׉àʕÁä»˴ÇÂЪ§ĭÈ¨ÃÃΒ!",
    "Tags": [
      "documentary",
      "family"
    ],
    "Scenes": [
      {
        "Image": 0,
        "Music": "movie_nature",
        "Sound": "",
        "MessageDelay": 500,
        "Script": "",
        "Text": "'ĭÈ¨ÃÃΒá˛§¸ÃÃÁªÒŵ : ŚÒÃÇ¨âÅ¡ĭ¹Ê´ãÊ'",
        "Shake": false,
        "ResponsePoint": null,
        "ID": "spring1_0"
      },
      {
        "Image": 1,
        "Music": "",
        "Sound": "",
        "MessageDelay": 500,
        "Script": "",
        "Text": "Ëԑà¡ÒÐàſΓ¹ÊÇÃÃʹà¢µ̃Í¹ Ե§ÍԒ·Ò§ 80 äÁΕ¹Í¡ªÒÂν§·Ò§µÍ¹ã˵ à¡ÒÐ׉àš´ע¹àҩÍ§¨Ò¡¡ÒÃÃÐàź´ ¢Í§ɰà¢Òä¿ã¹ºƃàÇ³à¡ÒÐ áÅÐĢ§¤§àŵºâµÍԒ¨¹ǖ§ě¨ȨĚ¹...",
        "Shake": false,
        "ResponsePoint": "",
        "ID": "spring1_1"
      },
      {
        "Image": 2,
        "Music": "",
        "Sound": "",
        "MessageDelay": 500,
        "Script": "",
        "Text": "ÊÀÒ¾ɰƁÍÒ¡ÒÈчÍºӭ¹ ¢Í§·ÐàÅ·Ò§µÍ¹ã˵ ʺÇÂã̋¤ÇÒÁËÅÒ¡ËÅÒÂ ·Ò§ƚÇÀÒ¾Ʊ¤ÇÒÁËÅÒ¡ËÅÒÂ... àƮÂ§ÃÐÂÐՊ¹æ à¡ÒÐʁàʕÁä»˴ÇÂЪ§ƱƚƇµÁÒ¡ÁÒÂ!",
        "Shake": false,
        "ResponsePoint": null,
        "ID": "spring1_2"
      },
      {
        "Image": 3,
        "Music": "",
        "Sound": "",
        "MessageDelay": 500,
        "Script": "",
        "Text": "µÍ¹׉àÃÒıÒĥ§ӡ§Ë˹Ò ע¹ä»·Ò§ŷÈàËȉÍ Ԛ¤ÇÒÁӧ¹ÇÒÂ¢Í§àȑÍ§ɛȫ Ŵ¹á´§á˛§¤ÇÒÁÈƳƇäÅ ˚Í§Ê˗Ò§àȓÍ§ÃÍ§ ˴ÇÂáÊ§¨Ò¡ã¹ĕÇàȑÍ§",
        "Shake": false,
        "ResponsePoint": null,
        "ID": "spring1_3"
      },
      {
        "Image": 4,
        "Music": "",
        "Sound": "",
        "MessageDelay": 500,
        "Script": "",
        "Text": "ǖ§¨Ðɤàʛ¹ä»ä˴ÂÒ¡ á˅ǖ§¡ÃÐԹ¹àÃÒʁĢ§ƱâÍ¡ÒÊ¾ºЪ§ƱƚƇчÊÇÂ§ÒÁ ã¹àȑÍ§׉...",
        "Shake": false,
        "ResponsePoint": "",
        "ID": "spring1_4"
      },
      {
        "Image": 5,
        "Music": "",
        "Sound": "",
        "MessageDelay": 500,
        "Script": "",
        "Text": "ä¡ÅÍÍ¡ä» ·Ò§ªÒÂν§ŷÈµÐħ¹µ¡ ·ÐàÅÁÃ¡µĭ¹¡̇Ò§ãËʽ ѫ§àʕÁä»˴ÇÂӗ§Ë˭Ò¡̇Ò§ â´Âä˴ҚÍ˗Òàʛ¹чÍԒÍÒĨÂ áÅÐáË˕§ıÒàŹ´¢Í§ Ъ§ƱƚƇµ˅Ò§æ чËÅÒ¡ËÅÒÂ",
        "Shake": false,
        "ResponsePoint": null,
        "ID": "spring1_5"
      },
      {
        "Image": 6,
        "Music": "",
        "Sound": "",
        "MessageDelay": 500,
        "Script": "",
        "Text": "à¡ÒÐ׉àʛ¹чړĈ¡ā¹Ƥ ã¹°Ò¹Ðà¡ÒÐчàʕÁä»˴ÇÂáÃ¤ɔ¹!",
        "Shake": false,
        "ResponsePoint": "",
        "ID": "spring1_6"
      },
      {
        "Image": 7,
        "Music": "",
        "Sound": "",
        "MessageDelay": 500,
        "Script": "",
        "Text": "áÅÐɊ´˷ÒÂàÃÒ¡ĥºä»Ģ§ áˌ¹Ŵ¹ãËʽàҮÍч¨ÐàђÂÁªÁËѹ§ã¹ خ¹ччÊÇÂ§ÒÁчɊ´¢Í§·Ʒ»... ÊµÒΓŴÇáÇÅѕ",
        "Shake": false,
        "ResponsePoint": null,
        "ID": "spring1_7"
      },
      {
        "Image": 8,
        "Music": "",
        "Sound": "",
        "MessageDelay": 500,
        "Script": "",
        "Text": "ÊÀÒ¾ÍÒ¡ÒÈчÍºӭ¹¢Í§ɋºà¢Ò à»ƳÂºàÊȑÍ¹˺Ò¹чÊÁɪÃ΃áºº ŚÒËģº¤ÇÒÁËÅÒ¡ËÅÒÂ¢Í§Ъ§ƱƚƇµã¹ˋÒ ʺÒ§àʛ¹Ê¶Ò¹ччÊÇÂ§ÒÁÍÐäÃàʺ¹׉!",
        "Shake": false,
        "ResponsePoint": "",
        "ID": "spring1_8"
      }
    ]
  },
  "fall_movie_1": {
    "ID": null,
    "SheetIndex": 7,
    "Title": "ġ¹ÁÒāº½¹",
    "Description": "àҳÍ§ÃÒÇ¢Í§¡ӥÁħÂӣ¹ чàУÁËÒ˵¹µÍ¢Í§àƺÂ§ĭ¹ǥ¡ĥº. (ڌ»¡¤ÃÍ§¤ÇÃã̋ĴÒá¹ÐŉÒ)",
    "Tags": [
      "horror"
    ],
    "Scenes": [
      {
        "Image": 0,
        "Music": "Upper_Ambient",
        "Sound": "",
        "MessageDelay": 500,
        "Script": "/pause 1000/playSound cavedrip/pause 1000/playSound cavedrip/spriteText 7 \"ġ¹ÁÒāº½¹ \"",
        "Text": "",
        "Shake": false,
        "ResponsePoint": null,
        "ID": "fall1_0"
      },
      {
        "Image": 1,
        "Music": "",
        "Sound": "",
        "MessageDelay": 500,
        "Script": "",
        "Text": "'ƇƤâÍ˅Íä»׉ä˴ģº¡ÒÃàʁºٱ ÁÒ¨Ò¡¡̅Í§ƇƤâÍчɦ¡֗§ä̇ 30 äÁΕ·Ò§µÍ¹ã˵¢Í§ á¡ÃÁΎàÅė¹'",
        "Shake": false,
        "ResponsePoint": "",
        "ID": "fall1_1"
      },
      {
        "Image": 2,
        "Music": "rain",
        "Sound": "",
        "MessageDelay": 500,
        "Script": "/specificTemporarySprite movieFrame 7 7 80/pause 50/specificTemporarySprite movieFrame 7 8 80/pause 50/specificTemporarySprite movieFrame 7 9 80/pause 50/pause 2000/playSound rainsound/pause 1000",
        "Text": "'à¸Íä˴Ƃ¹ՁÂ..? ĉ¹Ť´˗Òġ¹Ĕ§ÁÒ¨Ò¡ã¹ˋÒ... ä»ɤā¹à¶ÍÐ...'",
        "Shake": false,
        "ResponsePoint": null,
        "ID": "fall1_2"
      },
      {
        "Image": 3,
        "Music": "",
        "Sound": "",
        "MessageDelay": 500,
        "Script": "/pause 1000/message \"'(àƺÂ§ËÍº)... ɤι¹Ɗ!'\"/playSound leafrustle/specificTemporarySprite woodswalker/pause 1000/playSound rainsound/pause 5000",
        "Text": "",
        "Shake": false,
        "ResponsePoint": "",
        "ID": "fall1_3"
      },
      {
        "Image": 4,
        "Music": "",
        "Sound": "",
        "MessageDelay": 500,
        "Script": "/pause 500/playSound leafrustle/pause 500/playSound leafrustle/pause 400/playSound leafrustle/pause 500/playSound rainsound",
        "Text": "(ɁÁ¡̅Í§ʴÍÂæ ¢ĢºàˢÒǥ¡ä»ã¹ˋÒ)",
        "Shake": true,
        "ResponsePoint": null,
        "ID": "fall1_4"
      },
      {
        "Image": 4,
        "Music": "",
        "Sound": "",
        "MessageDelay": 500,
        "Script": "/specificTemporarySprite movieFrame 7 5 1700/playSound batScreech/spriteText 4 \"̽Ò¡! \"/pause 20",
        "Text": "'âˈ..ι¹¹ÒÂàÍ§àËÃÍá¡ѓ... *á˞¡* *á˞¡*... Ëɂ´à¡ÒÐá¢¹¢Í§ĉ¹Ī¡Ƨ!'",
        "Shake": true,
        "ResponsePoint": "",
        "ID": "fall1_5"
      },
      {
        "Image": 6,
        "Music": "",
        "Sound": "",
        "MessageDelay": 500,
        "Script": "/specificTemporarySprite movieBush/pause 2000/specificTemporarySprite shakeBush/playSound leafrustle/pause 700/specificTemporarySprite shakeBushStop/pause 900/specificTemporarySprite shakeBush/playSound leafrustle/pause 700/specificTemporarySprite shakeBushStop/pause 900/message \"'ɤƊ! ġ¹ÍԒã¹ӞÁä́ι¹...'\"/pause 2000",
        "Text": "",
        "Shake": false,
        "ResponsePoint": null,
        "ID": "fall1_6"
      },
      {
        "Image": 6,
        "Music": "",
        "Sound": "",
        "MessageDelay": 500,
        "Script": "/specificTemporarySprite shakeBush/playSound leafrustle/specificTemporarySprite evilRabbit/playSound dustMeep/specificTemporarySprite shakeBushStop/spriteText 4 \"̽Ò¡¡! \"/pause 500/spriteText 4 \"â̍... \"/pause 500/playSound rainsound/specificTemporarySprite movieFrame 7 7 500/specificTemporarySprite removeSprite 777/specificTemporarySprite removeSprite 778",
        "Text": "",
        "Shake": false,
        "ResponsePoint": null,
        "ID": "fall1_7"
      },
      {
        "Image": 7,
        "Music": "",
        "Sound": "",
        "MessageDelay": 500,
        "Script": "/pause 50/specificTemporarySprite movieFrame 7 8 80/pause 50/specificTemporarySprite movieFrame 7 9 80/pause 50/specificTemporarySprite movieFrame 7 7 80/pause 50/specificTemporarySprite movieFrame 7 8 80/pause 50/specificTemporarySprite movieFrame 7 9 80/pause 50/specificTemporarySprite movieFrame 7 7 80/pause 50/specificTemporarySprite movieFrame 7 8 80/pause 50/specificTemporarySprite movieFrame 7 9 80/pause 50/pause 50/specificTemporarySprite movieFrame 7 8 80/pause 50/specificTemporarySprite movieFrame 7 9 80/pause 50/specificTemporarySprite movieFrame 7 7 80/pause 50/specificTemporarySprite movieFrame 7 8 80/pause 50/specificTemporarySprite movieFrame 7 9 80/pause 50/specificTemporarySprite movieFrame 7 7 80/pause 50/specificTemporarySprite movieFrame 7 8 80/pause 50/specificTemporarySprite movieFrame 7 9 80/pause 50/pause 50/specificTemporarySprite movieFrame 7 8 80/pause 50/specificTemporarySprite movieFrame 7 9 80/pause 50/specificTemporarySprite movieFrame 7 7 80/pause 50/specificTemporarySprite movieFrame 7 8 80/pause 50/specificTemporarySprite movieFrame 7 9 80/pause 50/specificTemporarySprite movieFrame 7 7 80/pause 50/specificTemporarySprite movieFrame 7 8 80/pause 50/specificTemporarySprite movieFrame 7 9 80/pause 50",
        "Text": "(àƺÂ§̃Í§á»Å¡æ áÅÐàƺÂ§ÅÒ¡à˷Òä»ÁÒĔ§ÍÍ¡ÁÒ)",
        "Shake": false,
        "ResponsePoint": null,
        "ID": "fall1_8"
      },
      {
        "Image": 4,
        "Music": "",
        "Sound": "",
        "MessageDelay": 500,
        "Script": "/pause 1000/playSound rainsound/pause 1000/spriteText 4 \"ġ¹Ģ§ÍԒчι¹... \"",
        "Text": "",
        "Shake": false,
        "ResponsePoint": "",
        "ID": "fall1_9"
      }
    ]
  }
}
